id,alternate_form_id,back_default,back_female,back_shiny,back_shiny_female,front_default,front_female,front_shiny,front_shiny_female,gen_eight_front_default,gen_eight_front_shiny,created_at,updated_at
1,1,,,,,https://raw.githubusercontent.com/PokeAPI/sprites/master/sprites/pokemon/10001.png,,,,https://www.serebii.net/swordshield/pokemon/386.png,https://www.serebii.net/Shiny/SWSH/386.png,2020-11-05 21:27:19.652823,2020-11-05 21:27:19.652823
2,2,,,,,https://raw.githubusercontent.com/PokeAPI/sprites/master/sprites/pokemon/10002.png,,,,https://www.serebii.net/swordshield/pokemon/386.png,https://www.serebii.net/Shiny/SWSH/386.png,2020-11-05 21:27:20.025147,2020-11-05 21:27:20.025147
3,3,,,,,https://raw.githubusercontent.com/PokeAPI/sprites/master/sprites/pokemon/10003.png,,,,https://www.serebii.net/swordshield/pokemon/386.png,https://www.serebii.net/Shiny/SWSH/386.png,2020-11-05 21:27:20.472182,2020-11-05 21:27:20.472182
4,4,,,,,https://raw.githubusercontent.com/PokeAPI/sprites/master/sprites/pokemon/10004.png,,,,https://www.serebii.net/swordshield/pokemon/413.png,https://www.serebii.net/Shiny/SWSH/413.png,2020-11-05 21:27:21.52517,2020-11-05 21:27:21.52517
5,5,,,,,https://raw.githubusercontent.com/PokeAPI/sprites/master/sprites/pokemon/10005.png,,,,https://www.serebii.net/swordshield/pokemon/413.png,https://www.serebii.net/Shiny/SWSH/413.png,2020-11-05 21:27:23.542185,2020-11-05 21:27:23.542185
6,6,,,,,https://raw.githubusercontent.com/PokeAPI/sprites/master/sprites/pokemon/10006.png,,,,https://www.serebii.net/swordshield/pokemon/492.png,https://www.serebii.net/Shiny/SWSH/492.png,2020-11-05 21:27:23.946018,2020-11-05 21:27:23.946018
7,7,,,,,https://raw.githubusercontent.com/PokeAPI/sprites/master/sprites/pokemon/10007.png,,,,https://www.serebii.net/swordshield/pokemon/487.png,https://www.serebii.net/Shiny/SWSH/487.png,2020-11-05 21:27:24.349598,2020-11-05 21:27:24.349598
8,8,,,,,https://raw.githubusercontent.com/PokeAPI/sprites/master/sprites/pokemon/10008.png,,,,https://www.serebii.net/swordshield/pokemon/479.png,https://www.serebii.net/Shiny/SWSH/479.png,2020-11-05 21:27:24.767159,2020-11-05 21:27:24.767159
9,9,,,,,https://raw.githubusercontent.com/PokeAPI/sprites/master/sprites/pokemon/10009.png,,,,https://www.serebii.net/swordshield/pokemon/479.png,https://www.serebii.net/Shiny/SWSH/479.png,2020-11-05 21:27:25.966458,2020-11-05 21:27:25.966458
10,10,,,,,https://raw.githubusercontent.com/PokeAPI/sprites/master/sprites/pokemon/10010.png,,,,https://www.serebii.net/swordshield/pokemon/479.png,https://www.serebii.net/Shiny/SWSH/479.png,2020-11-05 21:27:26.372282,2020-11-05 21:27:26.372282
11,11,,,,,https://raw.githubusercontent.com/PokeAPI/sprites/master/sprites/pokemon/10011.png,,,,https://www.serebii.net/swordshield/pokemon/479.png,https://www.serebii.net/Shiny/SWSH/479.png,2020-11-05 21:27:26.775683,2020-11-05 21:27:26.775683
12,12,,,,,https://raw.githubusercontent.com/PokeAPI/sprites/master/sprites/pokemon/10012.png,,,,https://www.serebii.net/swordshield/pokemon/479.png,https://www.serebii.net/Shiny/SWSH/479.png,2020-11-05 21:27:27.247686,2020-11-05 21:27:27.247686
13,13,,,,,https://raw.githubusercontent.com/PokeAPI/sprites/master/sprites/pokemon/10013.png,,,,https://www.serebii.net/swordshield/pokemon/351.png,https://www.serebii.net/Shiny/SWSH/351.png,2020-11-05 21:27:27.74268,2020-11-05 21:27:27.74268
14,14,,,,,https://raw.githubusercontent.com/PokeAPI/sprites/master/sprites/pokemon/10014.png,,,,https://www.serebii.net/swordshield/pokemon/351.png,https://www.serebii.net/Shiny/SWSH/351.png,2020-11-05 21:27:28.128023,2020-11-05 21:27:28.128023
15,15,,,,,https://raw.githubusercontent.com/PokeAPI/sprites/master/sprites/pokemon/10015.png,,,,https://www.serebii.net/swordshield/pokemon/351.png,https://www.serebii.net/Shiny/SWSH/351.png,2020-11-05 21:27:28.557587,2020-11-05 21:27:28.557587
16,16,,,,,https://raw.githubusercontent.com/PokeAPI/sprites/master/sprites/pokemon/10016.png,,,,https://www.serebii.net/swordshield/pokemon/550.png,https://www.serebii.net/Shiny/SWSH/550.png,2020-11-05 21:27:29.127838,2020-11-05 21:27:29.127838
17,17,,,,,https://raw.githubusercontent.com/PokeAPI/sprites/master/sprites/pokemon/10017.png,,,,https://www.serebii.net/swordshield/pokemon/555.png,https://www.serebii.net/Shiny/SWSH/555.png,2020-11-05 21:27:29.631275,2020-11-05 21:27:29.631275
18,18,,,,,https://raw.githubusercontent.com/PokeAPI/sprites/master/sprites/pokemon/10018.png,,,,https://www.serebii.net/swordshield/pokemon/648.png,https://www.serebii.net/Shiny/SWSH/648.png,2020-11-05 21:27:30.195088,2020-11-05 21:27:30.195088
19,19,,,,,https://raw.githubusercontent.com/PokeAPI/sprites/master/sprites/pokemon/10019.png,,,,https://www.serebii.net/swordshield/pokemon/641.png,https://www.serebii.net/Shiny/SWSH/641.png,2020-11-05 21:27:31.152575,2020-11-05 21:27:31.152575
20,20,,,,,https://raw.githubusercontent.com/PokeAPI/sprites/master/sprites/pokemon/10020.png,,,,https://www.serebii.net/swordshield/pokemon/642.png,https://www.serebii.net/Shiny/SWSH/642.png,2020-11-05 21:27:31.662947,2020-11-05 21:27:31.662947
21,21,,,,,https://raw.githubusercontent.com/PokeAPI/sprites/master/sprites/pokemon/10021.png,,,,https://www.serebii.net/swordshield/pokemon/645.png,https://www.serebii.net/Shiny/SWSH/645.png,2020-11-05 21:27:32.157363,2020-11-05 21:27:32.157363
22,22,,,,,https://raw.githubusercontent.com/PokeAPI/sprites/master/sprites/pokemon/10022.png,,,,https://www.serebii.net/swordshield/pokemon/646.png,https://www.serebii.net/Shiny/SWSH/646.png,2020-11-05 21:27:32.568809,2020-11-05 21:27:32.568809
23,23,,,,,https://raw.githubusercontent.com/PokeAPI/sprites/master/sprites/pokemon/10023.png,,,,https://www.serebii.net/swordshield/pokemon/646.png,https://www.serebii.net/Shiny/SWSH/646.png,2020-11-05 21:27:34.137328,2020-11-05 21:27:34.137328
24,24,,,,,https://raw.githubusercontent.com/PokeAPI/sprites/master/sprites/pokemon/10024.png,,,,https://www.serebii.net/swordshield/pokemon/647.png,https://www.serebii.net/Shiny/SWSH/647.png,2020-11-05 21:27:34.586384,2020-11-05 21:27:34.586384
25,25,,,,,https://raw.githubusercontent.com/PokeAPI/sprites/master/sprites/pokemon/10025.png,,,,https://www.serebii.net/swordshield/pokemon/678.png,https://www.serebii.net/Shiny/SWSH/678.png,2020-11-05 21:27:35.048442,2020-11-05 21:27:35.048442
26,26,,,,,https://raw.githubusercontent.com/PokeAPI/sprites/master/sprites/pokemon/10026.png,,,,https://www.serebii.net/swordshield/pokemon/681.png,https://www.serebii.net/Shiny/SWSH/681.png,2020-11-05 21:27:35.508142,2020-11-05 21:27:35.508142
27,27,,,,,https://raw.githubusercontent.com/PokeAPI/sprites/master/sprites/pokemon/10027.png,,,,https://www.serebii.net/swordshield/pokemon/710.png,https://www.serebii.net/Shiny/SWSH/710.png,2020-11-05 21:27:36.131049,2020-11-05 21:27:36.131049
28,28,,,,,https://raw.githubusercontent.com/PokeAPI/sprites/master/sprites/pokemon/10028.png,,,,https://www.serebii.net/swordshield/pokemon/710.png,https://www.serebii.net/Shiny/SWSH/710.png,2020-11-05 21:27:46.852077,2020-11-05 21:27:46.852077
29,29,,,,,https://raw.githubusercontent.com/PokeAPI/sprites/master/sprites/pokemon/10029.png,,,,https://www.serebii.net/swordshield/pokemon/710.png,https://www.serebii.net/Shiny/SWSH/710.png,2020-11-05 21:27:47.445353,2020-11-05 21:27:47.445353
30,30,,,,,https://raw.githubusercontent.com/PokeAPI/sprites/master/sprites/pokemon/10030.png,,,,https://www.serebii.net/swordshield/pokemon/711.png,https://www.serebii.net/Shiny/SWSH/711.png,2020-11-05 21:27:48.04219,2020-11-05 21:27:48.04219
31,31,,,,,https://raw.githubusercontent.com/PokeAPI/sprites/master/sprites/pokemon/10031.png,,,,https://www.serebii.net/swordshield/pokemon/711.png,https://www.serebii.net/Shiny/SWSH/711.png,2020-11-05 21:27:48.69042,2020-11-05 21:27:48.69042
32,32,,,,,https://raw.githubusercontent.com/PokeAPI/sprites/master/sprites/pokemon/10032.png,,,,https://www.serebii.net/swordshield/pokemon/711.png,https://www.serebii.net/Shiny/SWSH/711.png,2020-11-05 21:27:49.271569,2020-11-05 21:27:49.271569
33,33,,,,,https://raw.githubusercontent.com/PokeAPI/sprites/master/sprites/pokemon/10033.png,,,,https://www.serebii.net/swordshield/pokemon/003.png,https://www.serebii.net/Shiny/SWSH/003.png,2020-11-05 21:27:49.722235,2020-11-05 21:27:49.722235
34,34,,,,,https://raw.githubusercontent.com/PokeAPI/sprites/master/sprites/pokemon/10034.png,,,,https://www.serebii.net/swordshield/pokemon/006.png,https://www.serebii.net/Shiny/SWSH/006.png,2020-11-05 21:27:50.968077,2020-11-05 21:27:50.968077
35,35,,,,,https://raw.githubusercontent.com/PokeAPI/sprites/master/sprites/pokemon/10035.png,,,,https://www.serebii.net/swordshield/pokemon/006.png,https://www.serebii.net/Shiny/SWSH/006.png,2020-11-05 21:27:51.996524,2020-11-05 21:27:51.996524
36,36,,,,,https://raw.githubusercontent.com/PokeAPI/sprites/master/sprites/pokemon/10036.png,,,,https://www.serebii.net/swordshield/pokemon/009.png,https://www.serebii.net/Shiny/SWSH/009.png,2020-11-05 21:27:52.87947,2020-11-05 21:27:52.87947
37,37,,,,,https://raw.githubusercontent.com/PokeAPI/sprites/master/sprites/pokemon/10037.png,,,,https://www.serebii.net/swordshield/pokemon/065.png,https://www.serebii.net/Shiny/SWSH/065.png,2020-11-05 21:27:53.246931,2020-11-05 21:27:53.246931
38,38,,,,,https://raw.githubusercontent.com/PokeAPI/sprites/master/sprites/pokemon/10038.png,,,,https://www.serebii.net/swordshield/pokemon/094.png,https://www.serebii.net/Shiny/SWSH/094.png,2020-11-05 21:27:53.684338,2020-11-05 21:27:53.684338
39,39,,,,,https://raw.githubusercontent.com/PokeAPI/sprites/master/sprites/pokemon/10039.png,,,,https://www.serebii.net/swordshield/pokemon/115.png,https://www.serebii.net/Shiny/SWSH/115.png,2020-11-05 21:27:54.507075,2020-11-05 21:27:54.507075
40,40,,,,,https://raw.githubusercontent.com/PokeAPI/sprites/master/sprites/pokemon/10040.png,,,,https://www.serebii.net/swordshield/pokemon/127.png,https://www.serebii.net/Shiny/SWSH/127.png,2020-11-05 21:27:55.431274,2020-11-05 21:27:55.431274
41,41,,,,,https://raw.githubusercontent.com/PokeAPI/sprites/master/sprites/pokemon/10041.png,,,,https://www.serebii.net/swordshield/pokemon/130.png,https://www.serebii.net/Shiny/SWSH/130.png,2020-11-05 21:27:55.9471,2020-11-05 21:27:55.9471
42,42,,,,,https://raw.githubusercontent.com/PokeAPI/sprites/master/sprites/pokemon/10042.png,,,,https://www.serebii.net/swordshield/pokemon/142.png,https://www.serebii.net/Shiny/SWSH/142.png,2020-11-05 21:27:56.830693,2020-11-05 21:27:56.830693
43,43,,,,,https://raw.githubusercontent.com/PokeAPI/sprites/master/sprites/pokemon/10043.png,,,,https://www.serebii.net/swordshield/pokemon/150.png,https://www.serebii.net/Shiny/SWSH/150.png,2020-11-05 21:27:57.254267,2020-11-05 21:27:57.254267
44,44,,,,,https://raw.githubusercontent.com/PokeAPI/sprites/master/sprites/pokemon/10044.png,,,,https://www.serebii.net/swordshield/pokemon/150.png,https://www.serebii.net/Shiny/SWSH/150.png,2020-11-05 21:27:57.879124,2020-11-05 21:27:57.879124
45,45,,,,,https://raw.githubusercontent.com/PokeAPI/sprites/master/sprites/pokemon/10045.png,,,,https://www.serebii.net/swordshield/pokemon/181.png,https://www.serebii.net/Shiny/SWSH/181.png,2020-11-05 21:27:58.378709,2020-11-05 21:27:58.378709
46,46,,,,,https://raw.githubusercontent.com/PokeAPI/sprites/master/sprites/pokemon/10046.png,,,,https://www.serebii.net/swordshield/pokemon/212.png,https://www.serebii.net/Shiny/SWSH/212.png,2020-11-05 21:27:58.960267,2020-11-05 21:27:58.960267
47,47,,,,,https://raw.githubusercontent.com/PokeAPI/sprites/master/sprites/pokemon/10047.png,,,,https://www.serebii.net/swordshield/pokemon/214.png,https://www.serebii.net/Shiny/SWSH/214.png,2020-11-05 21:27:59.952533,2020-11-05 21:27:59.952533
48,48,,,,,https://raw.githubusercontent.com/PokeAPI/sprites/master/sprites/pokemon/10048.png,,,,https://www.serebii.net/swordshield/pokemon/229.png,https://www.serebii.net/Shiny/SWSH/229.png,2020-11-05 21:28:00.360017,2020-11-05 21:28:00.360017
49,49,,,,,https://raw.githubusercontent.com/PokeAPI/sprites/master/sprites/pokemon/10049.png,,,,https://www.serebii.net/swordshield/pokemon/248.png,https://www.serebii.net/Shiny/SWSH/248.png,2020-11-05 21:28:01.733607,2020-11-05 21:28:01.733607
50,50,,,,,https://raw.githubusercontent.com/PokeAPI/sprites/master/sprites/pokemon/10050.png,,,,https://www.serebii.net/swordshield/pokemon/257.png,https://www.serebii.net/Shiny/SWSH/257.png,2020-11-05 21:28:02.119605,2020-11-05 21:28:02.119605
51,51,,,,,https://raw.githubusercontent.com/PokeAPI/sprites/master/sprites/pokemon/10051.png,,,,https://www.serebii.net/swordshield/pokemon/282.png,https://www.serebii.net/Shiny/SWSH/282.png,2020-11-05 21:28:02.534718,2020-11-05 21:28:02.534718
52,52,,,,,https://raw.githubusercontent.com/PokeAPI/sprites/master/sprites/pokemon/10052.png,,,,https://www.serebii.net/swordshield/pokemon/303.png,https://www.serebii.net/Shiny/SWSH/303.png,2020-11-05 21:28:03.405972,2020-11-05 21:28:03.405972
53,53,,,,,https://raw.githubusercontent.com/PokeAPI/sprites/master/sprites/pokemon/10053.png,,,,https://www.serebii.net/swordshield/pokemon/306.png,https://www.serebii.net/Shiny/SWSH/306.png,2020-11-05 21:28:03.772176,2020-11-05 21:28:03.772176
54,54,,,,,https://raw.githubusercontent.com/PokeAPI/sprites/master/sprites/pokemon/10054.png,,,,https://www.serebii.net/swordshield/pokemon/308.png,https://www.serebii.net/Shiny/SWSH/308.png,2020-11-05 21:28:04.289206,2020-11-05 21:28:04.289206
55,55,,,,,https://raw.githubusercontent.com/PokeAPI/sprites/master/sprites/pokemon/10055.png,,,,https://www.serebii.net/swordshield/pokemon/310.png,https://www.serebii.net/Shiny/SWSH/310.png,2020-11-05 21:28:04.741352,2020-11-05 21:28:04.741352
56,56,,,,,https://raw.githubusercontent.com/PokeAPI/sprites/master/sprites/pokemon/10056.png,,,,https://www.serebii.net/swordshield/pokemon/354.png,https://www.serebii.net/Shiny/SWSH/354.png,2020-11-05 21:28:05.171933,2020-11-05 21:28:05.171933
57,57,,,,,https://raw.githubusercontent.com/PokeAPI/sprites/master/sprites/pokemon/10057.png,,,,https://www.serebii.net/swordshield/pokemon/359.png,https://www.serebii.net/Shiny/SWSH/359.png,2020-11-05 21:28:06.269387,2020-11-05 21:28:06.269387
58,58,,,,,https://raw.githubusercontent.com/PokeAPI/sprites/master/sprites/pokemon/10058.png,,,,https://www.serebii.net/swordshield/pokemon/445.png,https://www.serebii.net/Shiny/SWSH/445.png,2020-11-05 21:28:07.235392,2020-11-05 21:28:07.235392
59,59,,,,,https://raw.githubusercontent.com/PokeAPI/sprites/master/sprites/pokemon/10059.png,,,,https://www.serebii.net/swordshield/pokemon/448.png,https://www.serebii.net/Shiny/SWSH/448.png,2020-11-05 21:28:08.093911,2020-11-05 21:28:08.093911
60,60,,,,,https://raw.githubusercontent.com/PokeAPI/sprites/master/sprites/pokemon/10060.png,,,,https://www.serebii.net/swordshield/pokemon/460.png,https://www.serebii.net/Shiny/SWSH/460.png,2020-11-05 21:28:09.221941,2020-11-05 21:28:09.221941
61,61,,,,,https://raw.githubusercontent.com/PokeAPI/sprites/master/sprites/pokemon/10061.png,,,,https://www.serebii.net/swordshield/pokemon/670.png,https://www.serebii.net/Shiny/SWSH/670.png,2020-11-05 21:28:10.103303,2020-11-05 21:28:10.103303
62,62,,,,,https://raw.githubusercontent.com/PokeAPI/sprites/master/sprites/pokemon/10062.png,,,,https://www.serebii.net/swordshield/pokemon/380.png,https://www.serebii.net/Shiny/SWSH/380.png,2020-11-05 21:28:10.555394,2020-11-05 21:28:10.555394
63,63,,,,,https://raw.githubusercontent.com/PokeAPI/sprites/master/sprites/pokemon/10063.png,,,,https://www.serebii.net/swordshield/pokemon/381.png,https://www.serebii.net/Shiny/SWSH/381.png,2020-11-05 21:28:10.967414,2020-11-05 21:28:10.967414
64,64,,,,,https://raw.githubusercontent.com/PokeAPI/sprites/master/sprites/pokemon/10064.png,,,,https://www.serebii.net/swordshield/pokemon/260.png,https://www.serebii.net/Shiny/SWSH/260.png,2020-11-05 21:28:11.534709,2020-11-05 21:28:11.534709
65,65,,,,,https://raw.githubusercontent.com/PokeAPI/sprites/master/sprites/pokemon/10065.png,,,,https://www.serebii.net/swordshield/pokemon/254.png,https://www.serebii.net/Shiny/SWSH/254.png,2020-11-05 21:28:12.222101,2020-11-05 21:28:12.222101
66,66,,,,,https://raw.githubusercontent.com/PokeAPI/sprites/master/sprites/pokemon/10066.png,,,,https://www.serebii.net/swordshield/pokemon/302.png,https://www.serebii.net/Shiny/SWSH/302.png,2020-11-05 21:28:13.330735,2020-11-05 21:28:13.330735
67,67,,,,,https://raw.githubusercontent.com/PokeAPI/sprites/master/sprites/pokemon/10067.png,,,,https://www.serebii.net/swordshield/pokemon/334.png,https://www.serebii.net/Shiny/SWSH/334.png,2020-11-05 21:28:14.355031,2020-11-05 21:28:14.355031
68,68,,,,,https://raw.githubusercontent.com/PokeAPI/sprites/master/sprites/pokemon/10068.png,,,,https://www.serebii.net/swordshield/pokemon/475.png,https://www.serebii.net/Shiny/SWSH/475.png,2020-11-05 21:28:14.774268,2020-11-05 21:28:14.774268
69,69,,,,,https://raw.githubusercontent.com/PokeAPI/sprites/master/sprites/pokemon/10069.png,,,,https://www.serebii.net/swordshield/pokemon/531.png,https://www.serebii.net/Shiny/SWSH/531.png,2020-11-05 21:28:15.84165,2020-11-05 21:28:15.84165
70,70,,,,,https://raw.githubusercontent.com/PokeAPI/sprites/master/sprites/pokemon/10070.png,,,,https://www.serebii.net/swordshield/pokemon/319.png,https://www.serebii.net/Shiny/SWSH/319.png,2020-11-05 21:28:16.243644,2020-11-05 21:28:16.243644
71,71,,,,,https://raw.githubusercontent.com/PokeAPI/sprites/master/sprites/pokemon/10071.png,,,,https://www.serebii.net/swordshield/pokemon/080.png,https://www.serebii.net/Shiny/SWSH/080.png,2020-11-05 21:28:16.604448,2020-11-05 21:28:16.604448
72,72,,,,,https://raw.githubusercontent.com/PokeAPI/sprites/master/sprites/pokemon/10072.png,,,,https://www.serebii.net/swordshield/pokemon/208.png,https://www.serebii.net/Shiny/SWSH/208.png,2020-11-05 21:28:17.040718,2020-11-05 21:28:17.040718
73,73,,,,,https://raw.githubusercontent.com/PokeAPI/sprites/master/sprites/pokemon/10073.png,,,,https://www.serebii.net/swordshield/pokemon/018.png,https://www.serebii.net/Shiny/SWSH/018.png,2020-11-05 21:28:18.485118,2020-11-05 21:28:18.485118
74,74,,,,,https://raw.githubusercontent.com/PokeAPI/sprites/master/sprites/pokemon/10074.png,,,,https://www.serebii.net/swordshield/pokemon/362.png,https://www.serebii.net/Shiny/SWSH/362.png,2020-11-05 21:28:18.934441,2020-11-05 21:28:18.934441
75,75,,,,,https://raw.githubusercontent.com/PokeAPI/sprites/master/sprites/pokemon/10075.png,,,,https://www.serebii.net/swordshield/pokemon/719.png,https://www.serebii.net/Shiny/SWSH/719.png,2020-11-05 21:28:19.943092,2020-11-05 21:28:19.943092
76,76,,,,,https://raw.githubusercontent.com/PokeAPI/sprites/master/sprites/pokemon/10076.png,,,,https://www.serebii.net/swordshield/pokemon/376.png,https://www.serebii.net/Shiny/SWSH/376.png,2020-11-05 21:28:21.12291,2020-11-05 21:28:21.12291
77,77,,,,,https://raw.githubusercontent.com/PokeAPI/sprites/master/sprites/pokemon/10077.png,,,,https://www.serebii.net/swordshield/pokemon/382.png,https://www.serebii.net/Shiny/SWSH/382.png,2020-11-05 21:28:21.51116,2020-11-05 21:28:21.51116
78,78,,,,,https://raw.githubusercontent.com/PokeAPI/sprites/master/sprites/pokemon/10078.png,,,,https://www.serebii.net/swordshield/pokemon/383.png,https://www.serebii.net/Shiny/SWSH/383.png,2020-11-05 21:28:22.508056,2020-11-05 21:28:22.508056
79,79,,,,,https://raw.githubusercontent.com/PokeAPI/sprites/master/sprites/pokemon/10079.png,,,,https://www.serebii.net/swordshield/pokemon/384.png,https://www.serebii.net/Shiny/SWSH/384.png,2020-11-05 21:28:23.604189,2020-11-05 21:28:23.604189
80,80,,,,,https://raw.githubusercontent.com/PokeAPI/sprites/master/sprites/pokemon/10080.png,,,,https://www.serebii.net/swordshield/pokemon/025.png,https://www.serebii.net/Shiny/SWSH/025.png,2020-11-05 21:28:24.486867,2020-11-05 21:28:24.486867
81,81,,,,,https://raw.githubusercontent.com/PokeAPI/sprites/master/sprites/pokemon/10081.png,,,,https://www.serebii.net/swordshield/pokemon/025.png,https://www.serebii.net/Shiny/SWSH/025.png,2020-11-05 21:28:25.034394,2020-11-05 21:28:25.034394
82,82,,,,,https://raw.githubusercontent.com/PokeAPI/sprites/master/sprites/pokemon/10082.png,,,,https://www.serebii.net/swordshield/pokemon/025.png,https://www.serebii.net/Shiny/SWSH/025.png,2020-11-05 21:28:25.463027,2020-11-05 21:28:25.463027
83,83,,,,,https://raw.githubusercontent.com/PokeAPI/sprites/master/sprites/pokemon/10083.png,,,,https://www.serebii.net/swordshield/pokemon/025.png,https://www.serebii.net/Shiny/SWSH/025.png,2020-11-05 21:28:26.784782,2020-11-05 21:28:26.784782
84,84,,,,,https://raw.githubusercontent.com/PokeAPI/sprites/master/sprites/pokemon/10084.png,,,,https://www.serebii.net/swordshield/pokemon/025.png,https://www.serebii.net/Shiny/SWSH/025.png,2020-11-05 21:28:27.121477,2020-11-05 21:28:27.121477
85,85,,,,,https://raw.githubusercontent.com/PokeAPI/sprites/master/sprites/pokemon/10085.png,,,,https://www.serebii.net/swordshield/pokemon/025.png,https://www.serebii.net/Shiny/SWSH/025.png,2020-11-05 21:28:27.639005,2020-11-05 21:28:27.639005
86,86,,,,,https://raw.githubusercontent.com/PokeAPI/sprites/master/sprites/pokemon/10086.png,,,,https://www.serebii.net/swordshield/pokemon/720.png,https://www.serebii.net/Shiny/SWSH/720.png,2020-11-05 21:28:28.211619,2020-11-05 21:28:28.211619
87,87,,,,,https://raw.githubusercontent.com/PokeAPI/sprites/master/sprites/pokemon/10087.png,,,,https://www.serebii.net/swordshield/pokemon/323.png,https://www.serebii.net/Shiny/SWSH/323.png,2020-11-05 21:28:29.092749,2020-11-05 21:28:29.092749
88,88,,,,,https://raw.githubusercontent.com/PokeAPI/sprites/master/sprites/pokemon/10088.png,,,,https://www.serebii.net/swordshield/pokemon/428.png,https://www.serebii.net/Shiny/SWSH/428.png,2020-11-05 21:28:29.522283,2020-11-05 21:28:29.522283
89,89,,,,,https://raw.githubusercontent.com/PokeAPI/sprites/master/sprites/pokemon/10089.png,,,,https://www.serebii.net/swordshield/pokemon/373.png,https://www.serebii.net/Shiny/SWSH/373.png,2020-11-05 21:28:30.030519,2020-11-05 21:28:30.030519
90,90,,,,,https://raw.githubusercontent.com/PokeAPI/sprites/master/sprites/pokemon/10090.png,,,,https://www.serebii.net/swordshield/pokemon/015.png,https://www.serebii.net/Shiny/SWSH/015.png,2020-11-05 21:28:31.03767,2020-11-05 21:28:31.03767
91,91,,,,,,,,,https://www.serebii.net/swordshield/pokemon/019.png,https://www.serebii.net/Shiny/SWSH/019.png,2020-11-05 21:28:31.575497,2020-11-05 21:28:31.575497
92,92,,,,,,,,,https://www.serebii.net/swordshield/pokemon/020.png,https://www.serebii.net/Shiny/SWSH/020.png,2020-11-05 21:28:32.178769,2020-11-05 21:28:32.178769
93,93,,,,,,,,,https://www.serebii.net/swordshield/pokemon/020.png,https://www.serebii.net/Shiny/SWSH/020.png,2020-11-05 21:28:32.84994,2020-11-05 21:28:32.84994
94,94,,,,,,,,,https://www.serebii.net/swordshield/pokemon/025.png,https://www.serebii.net/Shiny/SWSH/025.png,2020-11-05 21:28:33.423804,2020-11-05 21:28:33.423804
95,95,,,,,,,,,https://www.serebii.net/swordshield/pokemon/025.png,https://www.serebii.net/Shiny/SWSH/025.png,2020-11-05 21:28:34.097389,2020-11-05 21:28:34.097389
96,96,,,,,,,,,https://www.serebii.net/swordshield/pokemon/025.png,https://www.serebii.net/Shiny/SWSH/025.png,2020-11-05 21:28:34.991631,2020-11-05 21:28:34.991631
97,97,,,,,,,,,https://www.serebii.net/swordshield/pokemon/025.png,https://www.serebii.net/Shiny/SWSH/025.png,2020-11-05 21:28:35.907636,2020-11-05 21:28:35.907636
98,98,,,,,,,,,https://www.serebii.net/swordshield/pokemon/025.png,https://www.serebii.net/Shiny/SWSH/025.png,2020-11-05 21:28:36.412705,2020-11-05 21:28:36.412705
99,99,,,,,,,,,https://www.serebii.net/swordshield/pokemon/025.png,https://www.serebii.net/Shiny/SWSH/025.png,2020-11-05 21:28:37.283096,2020-11-05 21:28:37.283096
100,100,,,,,,,,,https://www.serebii.net/swordshield/pokemon/026.png,https://www.serebii.net/Shiny/SWSH/026.png,2020-11-05 21:28:38.534193,2020-11-05 21:28:38.534193
101,101,,,,,,,,,https://www.serebii.net/swordshield/pokemon/027.png,https://www.serebii.net/Shiny/SWSH/027.png,2020-11-05 21:28:39.52345,2020-11-05 21:28:39.52345
102,102,,,,,,,,,https://www.serebii.net/swordshield/pokemon/028.png,https://www.serebii.net/Shiny/SWSH/028.png,2020-11-05 21:28:40.007454,2020-11-05 21:28:40.007454
103,103,,,,,,,,,https://www.serebii.net/swordshield/pokemon/037.png,https://www.serebii.net/Shiny/SWSH/037.png,2020-11-05 21:28:40.544763,2020-11-05 21:28:40.544763
104,104,,,,,,,,,https://www.serebii.net/swordshield/pokemon/038.png,https://www.serebii.net/Shiny/SWSH/038.png,2020-11-05 21:28:41.059197,2020-11-05 21:28:41.059197
105,105,,,,,,,,,https://www.serebii.net/swordshield/pokemon/050.png,https://www.serebii.net/Shiny/SWSH/050.png,2020-11-05 21:28:42.02884,2020-11-05 21:28:42.02884
106,106,,,,,,,,,https://www.serebii.net/swordshield/pokemon/051.png,https://www.serebii.net/Shiny/SWSH/051.png,2020-11-05 21:28:42.567894,2020-11-05 21:28:42.567894
107,107,,,,,,,,,https://www.serebii.net/swordshield/pokemon/052.png,https://www.serebii.net/Shiny/SWSH/052.png,2020-11-05 21:28:43.722463,2020-11-05 21:28:43.722463
108,108,,,,,,,,,https://www.serebii.net/swordshield/pokemon/053.png,https://www.serebii.net/Shiny/SWSH/053.png,2020-11-05 21:28:44.946987,2020-11-05 21:28:44.946987
109,109,,,,,,,,,https://www.serebii.net/swordshield/pokemon/074.png,https://www.serebii.net/Shiny/SWSH/074.png,2020-11-05 21:28:46.150566,2020-11-05 21:28:46.150566
110,110,,,,,,,,,https://www.serebii.net/swordshield/pokemon/075.png,https://www.serebii.net/Shiny/SWSH/075.png,2020-11-05 21:28:46.777004,2020-11-05 21:28:46.777004
111,111,,,,,,,,,https://www.serebii.net/swordshield/pokemon/076.png,https://www.serebii.net/Shiny/SWSH/076.png,2020-11-05 21:28:47.990523,2020-11-05 21:28:47.990523
112,112,,,,,,,,,https://www.serebii.net/swordshield/pokemon/088.png,https://www.serebii.net/Shiny/SWSH/088.png,2020-11-05 21:28:48.650258,2020-11-05 21:28:48.650258
113,113,,,,,,,,,https://www.serebii.net/swordshield/pokemon/089.png,https://www.serebii.net/Shiny/SWSH/089.png,2020-11-05 21:28:49.639029,2020-11-05 21:28:49.639029
114,114,,,,,,,,,https://www.serebii.net/swordshield/pokemon/103.png,https://www.serebii.net/Shiny/SWSH/103.png,2020-11-05 21:28:50.160896,2020-11-05 21:28:50.160896
115,115,,,,,,,,,https://www.serebii.net/swordshield/pokemon/105.png,https://www.serebii.net/Shiny/SWSH/105.png,2020-11-05 21:28:50.883916,2020-11-05 21:28:50.883916
116,116,,,,,,,,,https://www.serebii.net/swordshield/pokemon/658.png,https://www.serebii.net/Shiny/SWSH/658.png,2020-11-05 21:28:51.458985,2020-11-05 21:28:51.458985
117,117,,,,,,,,,https://www.serebii.net/swordshield/pokemon/658.png,https://www.serebii.net/Shiny/SWSH/658.png,2020-11-05 21:28:51.940703,2020-11-05 21:28:51.940703
118,118,,,,,,,,,https://www.serebii.net/swordshield/pokemon/718.png,https://www.serebii.net/Shiny/SWSH/718.png,2020-11-05 21:28:52.483311,2020-11-05 21:28:52.483311
119,119,,,,,,,,,https://www.serebii.net/swordshield/pokemon/718.png,https://www.serebii.net/Shiny/SWSH/718.png,2020-11-05 21:28:52.97022,2020-11-05 21:28:52.97022
120,120,,,,,,,,,https://www.serebii.net/swordshield/pokemon/718.png,https://www.serebii.net/Shiny/SWSH/718.png,2020-11-05 21:28:54.020761,2020-11-05 21:28:54.020761
121,121,,,,,,,,,https://www.serebii.net/swordshield/pokemon/735.png,https://www.serebii.net/Shiny/SWSH/735.png,2020-11-05 21:28:55.012334,2020-11-05 21:28:55.012334
122,122,,,,,,,,,https://www.serebii.net/swordshield/pokemon/738.png,https://www.serebii.net/Shiny/SWSH/738.png,2020-11-05 21:28:55.628453,2020-11-05 21:28:55.628453
123,123,,,,,,,,,https://www.serebii.net/swordshield/pokemon/741.png,https://www.serebii.net/Shiny/SWSH/741.png,2020-11-05 21:28:56.157365,2020-11-05 21:28:56.157365
124,124,,,,,,,,,https://www.serebii.net/swordshield/pokemon/741.png,https://www.serebii.net/Shiny/SWSH/741.png,2020-11-05 21:28:57.081136,2020-11-05 21:28:57.081136
125,125,,,,,,,,,https://www.serebii.net/swordshield/pokemon/741.png,https://www.serebii.net/Shiny/SWSH/741.png,2020-11-05 21:28:57.499948,2020-11-05 21:28:57.499948
126,126,,,,,,,,,https://www.serebii.net/swordshield/pokemon/745.png,https://www.serebii.net/Shiny/SWSH/745.png,2020-11-05 21:28:57.970075,2020-11-05 21:28:57.970075
127,127,,,,,,,,,https://www.serebii.net/swordshield/pokemon/746.png,https://www.serebii.net/Shiny/SWSH/746.png,2020-11-05 21:28:58.359624,2020-11-05 21:28:58.359624
128,128,,,,,,,,,https://www.serebii.net/swordshield/pokemon/754.png,https://www.serebii.net/Shiny/SWSH/754.png,2020-11-05 21:28:59.015207,2020-11-05 21:28:59.015207
129,129,,,,,,,,,https://www.serebii.net/swordshield/pokemon/758.png,https://www.serebii.net/Shiny/SWSH/758.png,2020-11-05 21:29:00.082334,2020-11-05 21:29:00.082334
130,130,,,,,,,,,https://www.serebii.net/swordshield/pokemon/774.png,https://www.serebii.net/Shiny/SWSH/774.png,2020-11-05 21:29:00.697294,2020-11-05 21:29:00.697294
131,131,,,,,,,,,https://www.serebii.net/swordshield/pokemon/774.png,https://www.serebii.net/Shiny/SWSH/774.png,2020-11-05 21:29:01.165654,2020-11-05 21:29:01.165654
132,132,,,,,,,,,https://www.serebii.net/swordshield/pokemon/774.png,https://www.serebii.net/Shiny/SWSH/774.png,2020-11-05 21:29:02.217469,2020-11-05 21:29:02.217469
133,133,,,,,,https://raw.githubusercontent.com/PokeAPI/sprites/master/sprites/pokemon/female/10133.png,,,https://www.serebii.net/swordshield/pokemon/774.png,https://www.serebii.net/Shiny/SWSH/774.png,2020-11-05 21:29:02.755962,2020-11-05 21:29:02.755962
134,134,,,,,,,,,https://www.serebii.net/swordshield/pokemon/774.png,https://www.serebii.net/Shiny/SWSH/774.png,2020-11-05 21:29:03.544673,2020-11-05 21:29:03.544673
135,135,,,,,,,,,https://www.serebii.net/swordshield/pokemon/774.png,https://www.serebii.net/Shiny/SWSH/774.png,2020-11-05 21:29:04.88182,2020-11-05 21:29:04.88182
136,136,,,,,,,,,https://www.serebii.net/swordshield/pokemon/774.png,https://www.serebii.net/Shiny/SWSH/774.png,2020-11-05 21:29:05.3323,2020-11-05 21:29:05.3323
137,137,,,,,,,,,https://www.serebii.net/swordshield/pokemon/774.png,https://www.serebii.net/Shiny/SWSH/774.png,2020-11-05 21:29:05.841021,2020-11-05 21:29:05.841021
138,138,,,,,,,,,https://www.serebii.net/swordshield/pokemon/774.png,https://www.serebii.net/Shiny/SWSH/774.png,2020-11-05 21:29:06.443606,2020-11-05 21:29:06.443606
139,139,,,,,,,,,https://www.serebii.net/swordshield/pokemon/774.png,https://www.serebii.net/Shiny/SWSH/774.png,2020-11-05 21:29:07.06586,2020-11-05 21:29:07.06586
140,140,,,,,,,,,https://www.serebii.net/swordshield/pokemon/774.png,https://www.serebii.net/Shiny/SWSH/774.png,2020-11-05 21:29:08.057849,2020-11-05 21:29:08.057849
141,141,,,,,,,,,https://www.serebii.net/swordshield/pokemon/774.png,https://www.serebii.net/Shiny/SWSH/774.png,2020-11-05 21:29:08.560371,2020-11-05 21:29:08.560371
142,142,,,,,,,,,https://www.serebii.net/swordshield/pokemon/774.png,https://www.serebii.net/Shiny/SWSH/774.png,2020-11-05 21:29:09.674732,2020-11-05 21:29:09.674732
143,143,,,,,,,,,https://www.serebii.net/swordshield/pokemon/778.png,https://www.serebii.net/Shiny/SWSH/778.png,2020-11-05 21:29:10.510753,2020-11-05 21:29:10.510753
144,144,,,,,,,,,https://www.serebii.net/swordshield/pokemon/778.png,https://www.serebii.net/Shiny/SWSH/778.png,2020-11-05 21:29:11.618511,2020-11-05 21:29:11.618511
145,145,,,,,,,,,https://www.serebii.net/swordshield/pokemon/778.png,https://www.serebii.net/Shiny/SWSH/778.png,2020-11-05 21:29:12.069733,2020-11-05 21:29:12.069733
146,146,,,,,,,,,https://www.serebii.net/swordshield/pokemon/784.png,https://www.serebii.net/Shiny/SWSH/784.png,2020-11-05 21:29:13.271127,2020-11-05 21:29:13.271127
147,147,,,,,,,,,https://www.serebii.net/swordshield/pokemon/801.png,https://www.serebii.net/Shiny/SWSH/801.png,2020-11-05 21:29:13.729343,2020-11-05 21:29:13.729343
148,148,,,,,,,,,https://www.serebii.net/swordshield/pokemon/025.png,https://www.serebii.net/Shiny/SWSH/025.png,2020-11-05 21:29:14.233072,2020-11-05 21:29:14.233072
149,149,,,,,,,,,https://www.serebii.net/swordshield/pokemon/105.png,https://www.serebii.net/Shiny/SWSH/105.png,2020-11-05 21:29:15.534845,2020-11-05 21:29:15.534845
150,150,,,,,,,,,https://www.serebii.net/swordshield/pokemon/743.png,https://www.serebii.net/Shiny/SWSH/743.png,2020-11-05 21:29:16.05905,2020-11-05 21:29:16.05905
151,151,,,,,,,,,https://www.serebii.net/swordshield/pokemon/744.png,https://www.serebii.net/Shiny/SWSH/744.png,2020-11-05 21:29:16.420391,2020-11-05 21:29:16.420391
152,152,,,,,,,,,https://www.serebii.net/swordshield/pokemon/745.png,https://www.serebii.net/Shiny/SWSH/745.png,2020-11-05 21:29:16.898946,2020-11-05 21:29:16.898946
153,153,,,,,,,,,https://www.serebii.net/swordshield/pokemon/752.png,https://www.serebii.net/Shiny/SWSH/752.png,2020-11-05 21:29:17.442857,2020-11-05 21:29:17.442857
154,154,,,,,,,,,https://www.serebii.net/swordshield/pokemon/777.png,https://www.serebii.net/Shiny/SWSH/777.png,2020-11-05 21:29:18.56145,2020-11-05 21:29:18.56145
155,155,,,,,,,,,https://www.serebii.net/swordshield/pokemon/800.png,https://www.serebii.net/Shiny/SWSH/800.png,2020-11-05 21:29:19.861169,2020-11-05 21:29:19.861169
156,156,,,,,,,,,https://www.serebii.net/swordshield/pokemon/800.png,https://www.serebii.net/Shiny/SWSH/800.png,2020-11-05 21:29:20.385945,2020-11-05 21:29:20.385945
157,157,,,,,,,,,https://www.serebii.net/swordshield/pokemon/800.png,https://www.serebii.net/Shiny/SWSH/800.png,2020-11-05 21:29:20.887979,2020-11-05 21:29:20.887979
158,158,,,,,https://serebii.net/swordshield/pokemon/888.png,,https://serebii.net/Shiny/SWSH/888.png,,,,2020-11-05 21:43:38.06663,2020-11-05 21:43:38.06663
159,159,,,,,https://serebii.net/swordshield/pokemon/889.png,,https://serebii.net/Shiny/SWSH/889.png,,,,2020-11-05 21:43:40.013412,2020-11-05 21:43:40.013412
160,160,,,,,https://serebii.net/swordshield/pokemon/052.png,,https://serebii.net/Shiny/SWSH/052.png,,,,2020-11-05 21:43:50.631168,2020-11-05 21:43:50.631168
161,161,,,,,https://serebii.net/swordshield/pokemon/077.png,,https://serebii.net/Shiny/SWSH/077.png,,,,2020-11-05 21:43:51.915865,2020-11-05 21:43:51.915865
162,162,,,,,https://serebii.net/swordshield/pokemon/078.png,,https://serebii.net/Shiny/SWSH/078.png,,,,2020-11-05 21:43:53.54638,2020-11-05 21:43:53.54638
163,163,,,,,https://serebii.net/swordshield/pokemon/079.png,,https://serebii.net/Shiny/SWSH/079.png,,,,2020-11-05 21:43:54.93109,2020-11-05 21:43:54.93109
164,164,,,,,https://serebii.net/swordshield/pokemon/080.png,,https://serebii.net/Shiny/SWSH/080.png,,,,2020-11-05 21:43:56.150841,2020-11-05 21:43:56.150841
165,165,,,,,https://serebii.net/swordshield/pokemon/083.png,,https://serebii.net/Shiny/SWSH/083.png,,,,2020-11-05 21:43:57.909935,2020-11-05 21:43:57.909935
166,166,,,,,https://serebii.net/swordshield/pokemon/110.png,,https://serebii.net/Shiny/SWSH/110.png,,,,2020-11-05 21:43:59.13289,2020-11-05 21:43:59.13289
167,167,,,,,https://serebii.net/swordshield/pokemon/122.png,,https://serebii.net/Shiny/SWSH/122.png,,,,2020-11-05 21:44:01.200826,2020-11-05 21:44:01.200826
168,168,,,,,https://serebii.net/swordshield/pokemon/144.png,,https://serebii.net/Shiny/SWSH/144.png,,,,2020-11-05 21:44:03.207949,2020-11-05 21:44:03.207949
169,169,,,,,https://serebii.net/swordshield/pokemon/145.png,,https://serebii.net/Shiny/SWSH/145.png,,,,2020-11-05 21:44:04.542496,2020-11-05 21:44:04.542496
170,170,,,,,https://serebii.net/swordshield/pokemon/146.png,,https://serebii.net/Shiny/SWSH/146.png,,,,2020-11-05 21:44:05.862172,2020-11-05 21:44:05.862172
171,171,,,,,https://serebii.net/swordshield/pokemon/199.png,,https://serebii.net/Shiny/SWSH/199.png,,,,2020-11-05 21:44:07.14689,2020-11-05 21:44:07.14689
172,172,,,,,https://serebii.net/swordshield/pokemon/222.png,,https://serebii.net/Shiny/SWSH/222.png,,,,2020-11-05 21:44:09.071239,2020-11-05 21:44:09.071239
173,173,,,,,https://serebii.net/swordshield/pokemon/263.png,,https://serebii.net/Shiny/SWSH/263.png,,,,2020-11-05 21:44:10.345723,2020-11-05 21:44:10.345723
174,174,,,,,https://serebii.net/swordshield/pokemon/264.png,,https://serebii.net/Shiny/SWSH/264.png,,,,2020-11-05 21:44:12.094855,2020-11-05 21:44:12.094855
175,175,,,,,https://serebii.net/swordshield/pokemon/554.png,,https://serebii.net/Shiny/SWSH/554.png,,,,2020-11-05 21:44:13.508399,2020-11-05 21:44:13.508399
176,176,,,,,https://serebii.net/swordshield/pokemon/555.png,,https://serebii.net/Shiny/SWSH/555.png,,,,2020-11-05 21:44:14.722435,2020-11-05 21:44:14.722435
177,177,,,,,https://serebii.net/swordshield/pokemon/555.png,,https://serebii.net/Shiny/SWSH/555.png,,,,2020-11-05 21:44:16.727683,2020-11-05 21:44:16.727683
178,178,,,,,https://serebii.net/swordshield/pokemon/562.png,,https://serebii.net/Shiny/SWSH/562.png,,,,2020-11-05 21:44:18.146044,2020-11-05 21:44:18.146044
179,179,,,,,https://serebii.net/swordshield/pokemon/003-gi.png,,https://serebii.net/Shiny/SWSH/003-gi.png,,,,2020-11-05 21:44:19.451553,2020-11-05 21:44:19.451553
180,180,,,,,https://serebii.net/swordshield/pokemon/006-gi.png,,https://serebii.net/Shiny/SWSH/006-gi.png,,,,2020-11-05 21:44:20.014387,2020-11-05 21:44:20.014387
181,181,,,,,https://serebii.net/swordshield/pokemon/009-gi.png,,https://serebii.net/Shiny/SWSH/009-gi.png,,,,2020-11-05 21:44:20.56109,2020-11-05 21:44:20.56109
182,182,,,,,https://serebii.net/swordshield/pokemon/012-gi.png,,https://serebii.net/Shiny/SWSH/012-gi.png,,,,2020-11-05 21:44:21.091978,2020-11-05 21:44:21.091978
183,183,,,,,https://serebii.net/swordshield/pokemon/025-gi.png,,https://serebii.net/Shiny/SWSH/025-gi.png,,,,2020-11-05 21:44:21.727606,2020-11-05 21:44:21.727606
184,184,,,,,https://serebii.net/swordshield/pokemon/052-gi.png,,https://serebii.net/Shiny/SWSH/052-gi.png,,,,2020-11-05 21:44:22.293542,2020-11-05 21:44:22.293542
185,185,,,,,https://serebii.net/swordshield/pokemon/068-gi.png,,https://serebii.net/Shiny/SWSH/068-gi.png,,,,2020-11-05 21:44:22.83377,2020-11-05 21:44:22.83377
186,186,,,,,https://serebii.net/swordshield/pokemon/094-gi.png,,https://serebii.net/Shiny/SWSH/094-gi.png,,,,2020-11-05 21:44:23.364687,2020-11-05 21:44:23.364687
187,187,,,,,https://serebii.net/swordshield/pokemon/099-gi.png,,https://serebii.net/Shiny/SWSH/099-gi.png,,,,2020-11-05 21:44:23.894052,2020-11-05 21:44:23.894052
188,188,,,,,https://serebii.net/swordshield/pokemon/131-gi.png,,https://serebii.net/Shiny/SWSH/131-gi.png,,,,2020-11-05 21:44:24.434202,2020-11-05 21:44:24.434202
189,189,,,,,https://serebii.net/swordshield/pokemon/133-gi.png,,https://serebii.net/Shiny/SWSH/133-gi.png,,,,2020-11-05 21:44:24.998586,2020-11-05 21:44:24.998586
190,190,,,,,https://serebii.net/swordshield/pokemon/143-gi.png,,https://serebii.net/Shiny/SWSH/143-gi.png,,,,2020-11-05 21:44:25.521926,2020-11-05 21:44:25.521926
191,191,,,,,https://serebii.net/swordshield/pokemon/569-gi.png,,https://serebii.net/Shiny/SWSH/569-gi.png,,,,2020-11-05 21:44:26.103078,2020-11-05 21:44:26.103078
192,192,,,,,https://serebii.net/swordshield/pokemon/809-gi.png,,https://serebii.net/Shiny/SWSH/809-gi.png,,,,2020-11-05 21:44:26.67508,2020-11-05 21:44:26.67508
193,193,,,,,https://serebii.net/swordshield/pokemon/812-gi.png,,https://serebii.net/Shiny/SWSH/812-gi.png,,,,2020-11-05 21:44:27.242884,2020-11-05 21:44:27.242884
194,194,,,,,https://serebii.net/swordshield/pokemon/815-gi.png,,https://serebii.net/Shiny/SWSH/815-gi.png,,,,2020-11-05 21:44:27.910227,2020-11-05 21:44:27.910227
195,195,,,,,https://serebii.net/swordshield/pokemon/818-gi.png,,https://serebii.net/Shiny/SWSH/818-gi.png,,,,2020-11-05 21:44:28.475219,2020-11-05 21:44:28.475219
196,196,,,,,https://serebii.net/swordshield/pokemon/823-gi.png,,https://serebii.net/Shiny/SWSH/823-gi.png,,,,2020-11-05 21:44:29.037542,2020-11-05 21:44:29.037542
197,197,,,,,https://serebii.net/swordshield/pokemon/826-gi.png,,https://serebii.net/Shiny/SWSH/826-gi.png,,,,2020-11-05 21:44:29.579151,2020-11-05 21:44:29.579151
198,198,,,,,https://serebii.net/swordshield/pokemon/834-gi.png,,https://serebii.net/Shiny/SWSH/834-gi.png,,,,2020-11-05 21:44:30.177987,2020-11-05 21:44:30.177987
199,199,,,,,https://serebii.net/swordshield/pokemon/839-gi.png,,https://serebii.net/Shiny/SWSH/839-gi.png,,,,2020-11-05 21:44:30.721176,2020-11-05 21:44:30.721176
200,200,,,,,https://serebii.net/swordshield/pokemon/841-gi.png,,https://serebii.net/Shiny/SWSH/841-gi.png,,,,2020-11-05 21:44:31.238977,2020-11-05 21:44:31.238977
201,201,,,,,https://serebii.net/swordshield/pokemon/842-gi.png,,https://serebii.net/Shiny/SWSH/842-gi.png,,,,2020-11-05 21:44:31.778676,2020-11-05 21:44:31.778676
202,202,,,,,https://serebii.net/swordshield/pokemon/844-gi.png,,https://serebii.net/Shiny/SWSH/844-gi.png,,,,2020-11-05 21:44:32.329848,2020-11-05 21:44:32.329848
203,203,,,,,https://serebii.net/swordshield/pokemon/849-gi.png,,https://serebii.net/Shiny/SWSH/849-gi.png,,,,2020-11-05 21:44:32.905709,2020-11-05 21:44:32.905709
204,204,,,,,https://serebii.net/swordshield/pokemon/851-gi.png,,https://serebii.net/Shiny/SWSH/851-gi.png,,,,2020-11-05 21:44:33.578098,2020-11-05 21:44:33.578098
205,205,,,,,https://serebii.net/swordshield/pokemon/858-gi.png,,https://serebii.net/Shiny/SWSH/858-gi.png,,,,2020-11-05 21:44:34.195647,2020-11-05 21:44:34.195647
206,206,,,,,https://serebii.net/swordshield/pokemon/861-gi.png,,https://serebii.net/Shiny/SWSH/861-gi.png,,,,2020-11-05 21:44:34.75028,2020-11-05 21:44:34.75028
207,207,,,,,https://serebii.net/swordshield/pokemon/869-gi.png,,https://serebii.net/Shiny/SWSH/869-gi.png,,,,2020-11-05 21:44:35.343949,2020-11-05 21:44:35.343949
208,208,,,,,https://serebii.net/swordshield/pokemon/879-gi.png,,https://serebii.net/Shiny/SWSH/879-gi.png,,,,2020-11-05 21:44:35.932032,2020-11-05 21:44:35.932032
209,209,,,,,https://serebii.net/swordshield/pokemon/884-gi.png,,https://serebii.net/Shiny/SWSH/884-gi.png,,,,2020-11-05 21:44:36.618606,2020-11-05 21:44:36.618606
210,210,,,,,https://serebii.net/swordshield/pokemon/892-gi.png,,https://serebii.net/Shiny/SWSH/892-gi.png,,,,2020-11-05 21:44:37.203931,2020-11-05 21:44:37.203931
211,211,,,,,https://serebii.net/swordshield/pokemon/892-gi.png,,https://serebii.net/Shiny/SWSH/892-gi.png,,,,2020-11-05 21:44:37.7448,2020-11-05 21:44:37.7448
